,"Energy, MeV","DFlux, cm-2 MeV-1"
0,0.1,9.365775125999974e+18
1,0.41351855420001377,2.2016601823124138e+17
2,1.7099759466766973,24768763602841.746
3,7.071067811865475,49484942181.06719
4,29.240177382128667,6856844718.054464
5,120.91355875609793,281534118.13316834
6,499.99999999999994,1743701.0000000002
